{"offline_id": "621cb7cd16644ced886a0876a8dadb76", "project_name": "yolov5", "start_time": 1672020183662, "stop_time": 1672052873662, "tags": [], "workspace": null, "resume_strategy": "create", "customer_error_reported": true, "customer_error_message": "Unexpected error detected in the user script: FileNotFoundError('Caught FileNotFoundError in DataLoader worker process 4.\\nOriginal Traceback (most recent call last):\\n  File \"C:\\\\Users\\\\Jimmy\\\\anaconda3\\\\lib\\\\site-packages\\\\torch\\\\utils\\\\data\\\\_utils\\\\worker.py\", line 302, in _worker_loop\\n    data = fetcher.fetch(index)\\n  File \"C:\\\\Users\\\\Jimmy\\\\anaconda3\\\\lib\\\\site-packages\\\\torch\\\\utils\\\\data\\\\_utils\\\\fetch.py\", line 58, in fetch\\n    data = [self.dataset[idx] for idx in possibly_batched_index]\\n  File \"C:\\\\Users\\\\Jimmy\\\\anaconda3\\\\lib\\\\site-packages\\\\torch\\\\utils\\\\data\\\\_utils\\\\fetch.py\", line 58, in <listcomp>\\n    data = [self.dataset[idx] for idx in possibly_batched_index]\\n  File \"D:\\\\Subjects\\\\2- Vision\\\\Handwritten-Signature-Identification-and-Verification\\\\yolov5\\\\utils\\\\dataloaders.py\", line 660, in __getitem__\\n    img, labels = self.load_mosaic(index)\\n  File \"D:\\\\Subjects\\\\2- Vision\\\\Handwritten-Signature-Identification-and-Verification\\\\yolov5\\\\utils\\\\dataloaders.py\", line 759, in load_mosaic\\n    img, _, (h, w) = self.load_image(index)\\n  File \"D:\\\\Subjects\\\\2- Vision\\\\Handwritten-Signature-Identification-and-Verification\\\\yolov5\\\\utils\\\\dataloaders.py\", line 734, in load_image\\n    im = cv2.imread(f)  # BGR\\n  File \"D:\\\\Subjects\\\\2- Vision\\\\Handwritten-Signature-Identification-and-Verification\\\\yolov5\\\\utils\\\\general.py\", line 1118, in imread\\n    return cv2.imdecode(np.fromfile(path, np.uint8), flags)\\nFileNotFoundError: [Errno 2] No such file or directory: \\'D:\\\\\\\\Subjects\\\\\\\\2- Vision\\\\\\\\Handwritten-Signature-Identification-and-Verification\\\\\\\\datasets\\\\\\\\signature\\\\\\\\images\\\\\\\\train\\\\\\\\79.tif\\'\\n')"}