{"offline_id": "74af6d43f4e34f56a749e483c86a8aa4", "project_name": "yolov5", "start_time": 1672052916211, "stop_time": 1672053274362, "tags": [], "workspace": null, "resume_strategy": "create", "customer_error_reported": true, "customer_error_message": "Unexpected error detected in the user script: RuntimeError('[enforce fail at C:\\\\actions-runner\\\\_work\\\\pytorch\\\\pytorch\\\\builder\\\\windows\\\\pytorch\\\\c10\\\\core\\\\impl\\\\alloc_cpu.cpp:72] data. DefaultCPUAllocator: not enough memory: you tried to allocate 32768000 bytes.')"}